,vtePublic health,vtePublic health.1
0,General,Auxology Biological hazard Chief Medical Officer Cultural competence Deviance Environmental health Euthenics Genomics Globalization and disease Harm reduction Health economics Health literacy Health policy Health system Health care reform Public health law National public health institute Health politics Maternal health Medical anthropology Medical sociology Mental health (Ministers) Pharmaceutical policy Pollution Air Water Soil Radiation Light Public health intervention Public health laboratory Sexual and reproductive health Social psychology Sociology of health and illness
1,Preventive healthcare,Behavior change Theories Family planning Health promotion Human nutrition Healthy diet Preventive nutrition Hygiene Food safety Hand washing Infection control Oral hygiene Occupational safety and health Human factors and ergonomics Hygiene Controlled Drugs Injury prevention Medicine Nursing Patient safety Organization Pharmacovigilance Safe sex Sanitation Emergency Fecal–oral transmission Open defecation Sanitary sewer Waterborne diseases Worker School hygiene Smoking cessation Vaccination Vector control
2,Population health,Biostatistics Child mortality Community health Epidemiology Global health Health impact assessment Health system Infant mortality Open-source healthcare software Multimorbidity Public health informatics Social determinants of health Health equity Race and health Social medicine
3,Biological andepidemiological statistics,Case–control study Randomized controlled trial Relative risk Statistical hypothesis testing Analysis of variance (ANOVA) Regression analysis ROC curve Student's t-test Z-test Statistical software
4,Infectious and epidemicdisease prevention,Asymptomatic carrier Epidemics List Notifiable diseases List Public health surveillance Disease surveillance Quarantine Sexually transmitted infection Social distancing Tropical disease Vaccine trial
5,Food hygiene andsafety management,Food Additive Chemistry Engineering Microbiology Processing Safety Safety scandals Genetically modified food Good agricultural practice Good manufacturing practice HACCP ISO 22000
6,Health behavioralsciences,Diffusion of innovations Health belief model Health communication Health psychology Positive deviance PRECEDE-PROCEED model Social cognitive theory Social norms approach Theory of planned behavior Transtheoretical model
7,"Organizations,educationand history","Organizations Caribbean Caribbean Public Health Agency China Center for Disease Control and Prevention Europe Centre for Disease Prevention and Control Committee on the Environment, Public Health and Food Safety India Ministry of Health and Family Welfare Canada Health Canada Public Health Agency U.S. Centers for Disease Control and Prevention City and county health departments Council on Education for Public Health Public Health Service World Health Organization World Toilet Organization (Full list) Education Health education Higher education Bachelor of Science in Public Health Doctor of Public Health Professional degrees of public health Schools of public health History Sara Josephine Baker Samuel Jay Crumbine Carl Rogers Darnall Joseph Lister Margaret Sanger John Snow Typhoid Mary Radium Girls Germ theory of disease Social hygiene movement"
8,Organizations,"Caribbean Caribbean Public Health Agency China Center for Disease Control and Prevention Europe Centre for Disease Prevention and Control Committee on the Environment, Public Health and Food Safety India Ministry of Health and Family Welfare Canada Health Canada Public Health Agency U.S. Centers for Disease Control and Prevention City and county health departments Council on Education for Public Health Public Health Service World Health Organization World Toilet Organization (Full list)"
9,Education,Health education Higher education Bachelor of Science in Public Health Doctor of Public Health Professional degrees of public health Schools of public health
10,History,Sara Josephine Baker Samuel Jay Crumbine Carl Rogers Darnall Joseph Lister Margaret Sanger John Snow Typhoid Mary Radium Girls Germ theory of disease Social hygiene movement
11,Category  Commons  WikiProject,Category  Commons  WikiProject
